{
  "env": {
    "PATH": "$(PATH):$(HOME)/.local/bin"
  },
  "apps": [
    {
      "name": "Desktop",
      "image-path": "desktop.png",
      "allow-client-commands": false
    },
    {
      "name": "Low Res Desktop",
      "image-path": "desktop.png",
      "allow-client-commands": false,
      "prep-cmd": [
        {
          "do": "xrandr --output HDMI-1 --mode 1920x1080",
          "undo": "xrandr --output HDMI-1 --mode 1920x1200"
        }
      ]
    },
    {
      "name": "Steam Big Picture",
      "prep-cmd": [
        {
          "do": "",
          "undo": "setsid steam steam://close/bigpicture"
        }
      ],
      "detached": [
        "setsid steam steam://open/bigpicture"
      ],
      "image-path": "steam.png"
    }
  ]
}
