{
    "name": "zmusic",
    "buildsystem": "cmake-ninja",
    "config-opts": [
        "-DCMAKE_BUILD_TYPE=Release"
    ],
    "sources": [
        {
            "type": "archive",
            "url": "https://github.com/zdoom/ZMusic/archive/1.1.14.tar.gz",
            "sha256": "f04410fe4ea08136f37703e7715c27df4c8532ace1e721cf40c6f303a93acc54",
            "x-checker-data": {
                "type": "anitya",
                "project-id": 153600,
                "stable-only": true,
                "url-template": "https://github.com/zdoom/ZMusic/archive/$version.tar.gz"
          }
        },
        {
            "type": "patch",
            "path": "0001-Fix-libxmp-playback.patch"
        }
    ]
}
