{
    "name": "SDL2_image",
    "config-opts": [
        "-DSDL2IMAGE_DEPS_SHARED=OFF",
        "-DSDL2IMAGE_STRICT=ON"
    ],
    "cleanup": [
        "/include",
        "/lib/cmake",
        "/lib/pkgconfig"
    ],
    "buildsystem": "cmake-ninja",
    "builddir": true,
    "sources": [
        {
            "type": "archive",
            "url": "https://github.com/libsdl-org/SDL_image/releases/download/release-2.8.8/SDL2_image-2.8.8.tar.gz",
            "sha256": "2213b56fdaff2220d0e38c8e420cbe1a83c87374190cba8c70af2156097ce30a",
            "x-checker-data": {
                "type": "anitya",
                "project-id": 382729,
                "stable-only": true,
                "url-template": "https://github.com/libsdl-org/SDL_image/releases/download/release-$version/SDL2_image-$version.tar.gz"
            }
        }
    ]
}
