{
    "name": "SDL2_ttf",
    "config-opts": [
        "-DSDL2TTF_HARFBUZZ=ON"
    ],
    "cleanup": [
        "/include",
        "/lib/cmake",
        "/lib/pkgconfig"
    ],
    "buildsystem": "cmake-ninja",
    "builddir": true,
    "sources": [
        {
            "type": "archive",
            "url": "https://github.com/libsdl-org/SDL_ttf/releases/download/release-2.24.0/SDL2_ttf-2.24.0.tar.gz",
            "sha256": "0b2bf1e7b6568adbdbc9bb924643f79d9dedafe061fa1ed687d1d9ac4e453bfd",
            "x-checker-data": {
                "type": "anitya",
                "project-id": 4784,
                "stable-only": true,
                "versions": {
                    "<": "3.0.0"
                },
                "url-template": "https://github.com/libsdl-org/SDL_ttf/releases/download/release-$version/SDL2_ttf-$version.tar.gz"
            }
        }
    ]
}
