{
    "name": "gtk2-common-themes",
    "buildsystem": "simple",
    "build-commands": [],
    "modules": [
        {
            "name": "sassc",
            "// NOTE": "This is used by Yaru, Greybird, and Materia",
            "cleanup": [
                "*"
            ],
            "sources": [
                {
                    "type": "archive",
                    "url": "https://github.com/sass/sassc/archive/3.5.0.tar.gz",
                    "sha256": "26f54e31924b83dd706bc77df5f8f5553a84d51365f0e3c566df8de027918042"
                },
                {
                    "type": "script",
                    "commands": [
                        "autoreconf -si"
                    ]
                }
            ],
            "modules": [
                {
                    "name": "libsass",
                    "cleanup": [
                        "*"
                    ],
                    "sources": [
                        {
                            "type": "archive",
                            "url": "https://github.com/sass/libsass/archive/3.5.4.tar.gz",
                            "sha256": "5f61cbcddaf8e6ef7a725fcfa5d05297becd7843960f245197ebb655ff868770"
                        },
                        {
                            "type": "script",
                            "commands": [
                                "autoreconf -si"
                            ]
                        }
                    ]
                }
            ]
        },
        {
            "name": "gtk2-murrine-engine",
            "rm-configure": true,
            "// NOTE": "Used by Arc and CrosAdapta",
            "cleanup": [
                "*.la"
            ],
            "sources": [
                {
                    "type": "archive",
                    "url": "https://download.gnome.org/sources/murrine/0.98/murrine-0.98.2.tar.xz",
                    "sha256": "e9c68ae001b9130d0f9d1b311e8121a94e5c134b82553ba03971088e57d12c89"
                },
                {
                    "type": "patch",
                    "paths": [
                        "murrine-engine-fix-crash.patch",
                        "gtk2-murrine-c99.patch"
                    ]
                },
                {
                    "type": "script",
                    "commands": [
                        "rm config.guess",
                        "autoreconf -si"
                    ]
                }
            ],
            "modules": [
                "../intltool/intltool-0.51.json",
                "../gtk2/gtk2.json"
            ]
        },
        {
            "name": "cros-adapta-gtk2-theme",
            "// NOTE": "This is used by Chrome OS",
            "buildsystem": "simple",
            "build-commands": [
                "install -Dm644 index.theme ${FLATPAK_DEST}/share/themes/CrosAdapta/index.theme",
                "cp -r gtk-2.0 ${FLATPAK_DEST}/share/themes/CrosAdapta"
            ],
            "sources": [
                {
                    "type": "git",
                    "url": "https://chromium.googlesource.com/chromiumos/third_party/cros-adapta",
                    "commit": "eb6d8c1832b9181926df107faf41a80887fd982c"
                }
            ]
        },
        {
            "name": "arc-gtk2-theme",
            "// NOTE": "This is used by Solus and is popular",
            "// FIXME": "This has a dependency on inkscape and my patch isn't quite good enough sadly",
            "disabled": true,
            "config-opts": [
                "--disable-gnome-shell",
                "--disable-cinnamon",
                "--disable-gtk3",
                "--disable-metacity",
                "--disable-xfwm",
                "--disable-plank",
                "--disable-openbox",
                "--disable-unity"
            ],
            "sources": [
                {
                    "type": "archive",
                    "url": "https://github.com/jnsh/arc-theme/releases/download/20200513/arc-theme-20200513.tar.xz",
                    "sha256": "cd268b878d6ad7c81b7acc0f89b66e26ee9a9a92eafb03b792318d51707f1962"
                },
                {
                    "type": "patch",
                    "path": "arc-gtk2-theme-Replace-Inkscape-dependency-with-rsvg-convert.patch"
                },
                {
                    "type": "shell",
                    "commands": [
                        "sed -i 's|\"$srcdir/configure\" $@||' autogen.sh"
                    ]
                }
            ],
            "modules": [
                {
                    "name": "optipng",
                    "cleanup": [
                        "*"
                    ],
                    "sources": [
                        {
                            "type": "archive",
                            "url": "https://prdownloads.sourceforge.net/optipng/optipng-0.7.7.tar.gz",
                            "sha256": "4f32f233cef870b3f95d3ad6428bfe4224ef34908f1b42b0badf858216654452"
                        }
                    ]
                }
            ]
        },
        {
            "name": "breeze-gtk2-theme",
            "// NOTE": "This is used by KDE by default.",
            "buildsystem": "simple",
            "build-commands": [
                "find breeze-gtk/src -name '*.scss' -print -execdir sed -i 's#\\.\\./assets/#./assets/#' {} \\;",
                "cd breeze-gtk/src && sed -i 's/@Python3_EXECUTABLE@/python3/g' build_theme.sh.cmake && ./build_theme.sh.cmake -c BreezeLight -t ${FLATPAK_BUILDER_BUILDDIR}/Breeze -r ${FLATPAK_BUILDER_BUILDDIR}/breeze/colors",
                "mkdir -p ${FLATPAK_DEST}/share/themes/Breeze/",
                "cp -rv --no-preserve=ownership ${FLATPAK_BUILDER_BUILDDIR}/Breeze/gtk-2.0 ${FLATPAK_DEST}/share/themes/Breeze/",
                "cp -rv --no-preserve=ownership ${FLATPAK_BUILDER_BUILDDIR}/Breeze/assets ${FLATPAK_DEST}/share/themes/Breeze/"
            ],
            "sources": [
                {
                    "type": "archive",
                    "url": "https://download.kde.org/stable/plasma/6.4.4/breeze-gtk-6.4.4.tar.xz",
                    "sha256": "b353cb1c5c36cc7493cb2d018b7cc5068fa4772345781f81d5f8108cf54b4e3f",
                    "dest": "breeze-gtk",
                    "x-checker-data": {
                        "type": "anitya",
                        "project-id": 8761,
                        "stable-only": true,
                        "url-template": "https://download.kde.org/stable/plasma/$version/breeze-gtk-$version.tar.xz"
                    }
                },
                {
                    "type": "archive",
                    "url": "https://download.kde.org/stable/plasma/6.4.4/breeze-6.4.4.tar.xz",
                    "sha256": "307cfcb5505bd376d959b364f5231cac4a280af938a938ce3a4e3b7a9f71f70d",
                    "dest": "breeze",
                    "x-checker-data": {
                        "type": "anitya",
                        "project-id": 8761,
                        "stable-only": true,
                        "url-template": "https://download.kde.org/stable/plasma/$version/breeze-$version.tar.xz"
                    }
                }
            ],
            "modules": [
                {
                    "name": "python3-cairo",
                    "cleanup": [
                        "*"
                    ],
                    "buildsystem": "simple",
                    "build-commands": [
                        "pip3 install --exists-action=i --no-index --find-links=\"file://${PWD}\" --prefix=\"${FLATPAK_DEST}\" pycairo"
                    ],
                    "sources": [
                        {
                            "type": "file",
                            "url": "https://files.pythonhosted.org/packages/40/d9/412da520de9052b7e80bfc810ec10f5cb3dbfa4aa3e23c2820dc61cdb3d0/pycairo-1.28.0.tar.gz",
                            "sha256": "26ec5c6126781eb167089a123919f87baa2740da2cca9098be8b3a6b91cc5fbc",
                            "x-checker-data": {
                                "type": "pypi",
                                "name": "pycairo"
                            }
                        },
                        {
                            "type": "file",
                            "url": "https://files.pythonhosted.org/packages/18/5d/3bf57dcd21979b887f014ea83c24ae194cfcd12b9e0fda66b957c69d1fca/setuptools-80.9.0.tar.gz",
                            "sha256": "f36b47402ecde768dbfafc46e8e4207b4360c654f1f3bb84475f0a28628fb19c",
                            "x-checker-data": {
                                "type": "pypi",
                                "name": "setuptools"
                            }
                        },
                        {
                            "type": "file",
                            "url": "https://files.pythonhosted.org/packages/8a/98/2d9906746cdc6a6ef809ae6338005b3f21bb568bea3165cfc6a243fdc25c/wheel-0.45.1.tar.gz",
                            "sha256": "661e1abd9198507b1409a20c02106d9670b2576e916d58f520316666abca6729",
                            "x-checker-data": {
                                "type": "pypi",
                                "name": "wheel"
                            }
                        }
                    ]
                }
            ]
        },
        {
            "name": "elementary-gtk2-theme",
            "// NOTE": "This is used by Elementary OS",
            "buildsystem": "meson",
            "cleanup": [
                "/share/themes/elementary/gtk-3.0",
                "/share/themes/elementary/plank",
                "/share/plank",
                "/share/metainfo"
            ],
            "sources": [
                {
                    "type": "archive",
                    "url": "https://github.com/elementary/stylesheet/archive/5.4.2.tar.gz",
                    "sha256": "3bc37723daf4ce0b7c9ce4c125ef0055affe8d6654981388ec87d4a23a1ae0ec"
                }
            ]
        },
        {
            "name": "yaru-gtk2-theme",
            "// NOTE": "This is used by Ubuntu",
            "buildsystem": "meson",
            "config-opts": [
                "-Dicons=false",
                "-Dsounds=false",
                "-Dgnome-shell=false",
                "-Dsessions=false"
            ],
            "cleanup": [
                "/share/themes/Yaru*/gtk-3.0",
                "/share/themes/Yaru*/gtk-3.20",
                "/share/themes/Yaru*/unity"
            ],
            "sources": [
                {
                    "type": "archive",
                    "url": "https://github.com/ubuntu/yaru/archive/20.10.1.tar.gz",
                    "sha256": "9da2605088674edf2694a8215b7344fb5209b308dd8220ea21667a914dc8c55d"
                }
            ]
        },
        {
            "name": "greybird-gtk2-theme",
            "// NOTE": "This is used by many XFCE distros",
            "buildsystem": "meson",
            "cleanup": [
                "/share/themes/Greybird*/xfwm4",
                "/share/themes/Greybird*/gnome-shell",
                "/share/themes/Greybird*/gtk-3.0",
                "/share/themes/Greybird*/metacity-1",
                "/share/themes/Greybird*/xfce-notify-4.0",
                "/share/themes/Greybird*/plank",
                "/share/themes/Greybird*/unity",
                "/share/themes/Greybird*/*.emerald"
            ],
            "sources": [
                {
                    "type": "archive",
                    "url": "https://github.com/shimmerproject/Greybird/archive/v3.22.12.tar.gz",
                    "sha256": "410804cd5daca33cbc5c7c4a179f3a334ced87f408e515fc5d9c083a04bec4bc"
                }
            ]
        },
        {
            "name": "materia-gtk2-theme",
            "// NOTE": "This is used by Ubuntu Studio",
            "buildsystem": "meson",
            "cleanup": [
                "/share/themes/Materia*/xfwm4",
                "/share/themes/Materia*/gnome-shell",
                "/share/themes/Materia*/gtk-3.0",
                "/share/themes/Materia*/metacity-1",
                "/share/themes/Materia*/cinnamon",
                "/share/themes/Materia*/chrome",
                "/share/themes/Materia*/plank",
                "/share/themes/Materia*/unity"
            ],
            "sources": [
                {
                    "type": "git",
                    "url": "https://github.com/nana-4/materia-theme.git",
                    "commit": "b36b379c9256b67e5f63a60c6faf6912f1845b66"
                }
            ]
        },
        {
            "name": "mint-gtk2-theme",
            "buildsystem": "simple",
            "build-commands": [
                "./generate-themes.py",
                "find ./usr/share -type d \\( -name cinnamon -o -name gtk-3.0 -o -name gtk-4.0 -o -name metacity-1 -o -name xfce-\\* -o -name xfwm4 \\) -exec rm -rf {} +",
                "find ./usr/share -type d -empty -delete",
                "mkdir -p ${FLATPAK_DEST}/share/themes",
                "cp -a ./usr/share/themes/. ${FLATPAK_DEST}/share/themes"
            ],
            "sources": [
                {
                    "type": "git",
                    "url": "https://github.com/linuxmint/mint-themes.git",
                    "commit": "a5e98184b6b86d469db48f17fad4b845f9eee5d8"
                }
            ],
            "modules": [
                {
                    "name": "python3-pysass",
                    "buildsystem": "simple",
                    "cleanup": [
                        "*"
                    ],
                    "build-commands": [
                        "pip3 install --verbose --exists-action=i --no-index --find-links=\"file://${PWD}\" --prefix=${FLATPAK_DEST} \"pysass\" --no-build-isolation"
                    ],
                    "sources": [
                        {
                            "type": "file",
                            "url": "https://files.pythonhosted.org/packages/79/b4/ab091585eaa77299558e3289ca206846aefc123fb320b5656ab2542c20ad/libsass-0.23.0.tar.gz",
                            "sha256": "6f209955ede26684e76912caf329f4ccb57e4a043fd77fe0e7348dd9574f1880"
                        },
                        {
                            "type": "file",
                            "url": "https://files.pythonhosted.org/packages/90/06/fafe78968db294d582e4cfb8d4bcdbdaeeb1f6d1f269c25acdceb51ce11c/pysass-0.1.0-py3-none-any.whl",
                            "sha256": "b473069cd9d8799366505b4586938ebfeb67d9df8b400bae3200297422530aff"
                        },
                        {
                            "type": "file",
                            "url": "https://files.pythonhosted.org/packages/db/7d/7f3d619e951c88ed75c6037b246ddcf2d322812ee8ea189be89511721d54/watchdog-6.0.0.tar.gz",
                            "sha256": "9ddf7c82fda3ae8e24decda1338ede66e1c99883db93711d8fb941eaa2d8c282"
                        }
                    ]
                }
            ]
        }
    ]
}
