{
  "name": "libsecret",
  "buildsystem": "meson",
  "config-opts": [
    "-Dmanpage=false",
    "-Dvapi=false",
    "-Dgtk_doc=false",
    "-Dintrospection=false"
  ],
  "cleanup": [
    "/bin",
    "/include",
    "/lib/pkgconfig",
    "/share/man"
  ],
  "sources": [
    {
      "type": "archive",
      "url": "https://download.gnome.org/sources/libsecret/0.21/libsecret-0.21.6.tar.xz",
      "sha256": "747b8c175be108c880d3adfb9c3537ea66e520e4ad2dccf5dce58003aeeca090"
    }
  ]
}
