[
    {
        "type": "file",
        "url": "https://registry.yarnpkg.com/@types/node/-/node-7.0.51.tgz",
        "sha1": "1fb9bd2c7d28b1e8b1fe438f01494d0da8e451af",
        "dest": "yarn-mirror",
        "dest-filename": "@types-node-7.0.51.tgz"
    },
    {
        "type": "file",
        "url": "https://registry.yarnpkg.com/ajv/-/ajv-5.5.2.tgz",
        "sha1": "73b5eeca3fab653e3d3f9422b341ad42205dc965",
        "dest": "yarn-mirror",
        "dest-filename": "ajv-5.5.2.tgz"
    },
    {
        "type": "file",
        "url": "https://registry.yarnpkg.com/ansi-regex/-/ansi-regex-2.1.1.tgz",
        "sha1": "c3b33ab5ee360d86e0e628f0468ae7ef27d654df",
        "dest": "yarn-mirror",
        "dest-filename": "ansi-regex-2.1.1.tgz"
    },
    {
        "type": "file",
        "url": "https://registry.yarnpkg.com/array-find-index/-/array-find-index-1.0.2.tgz",
        "sha1": "df010aa1287e164bbda6f9723b0a96a1ec4187a1",
        "dest": "yarn-mirror",
        "dest-filename": "array-find-index-1.0.2.tgz"
    },
    {
        "type": "file",
        "url": "https://registry.yarnpkg.com/asn1/-/asn1-0.2.3.tgz",
        "sha1": "dac8787713c9966849fc8180777ebe9c1ddf3b86",
        "dest": "yarn-mirror",
        "dest-filename": "asn1-0.2.3.tgz"
    },
    {
        "type": "file",
        "url": "https://registry.yarnpkg.com/assert-plus/-/assert-plus-1.0.0.tgz",
        "sha1": "f12e0f3c5d77b0b1cdd9146942e4e96c1e4dd525",
        "dest": "yarn-mirror",
        "dest-filename": "assert-plus-1.0.0.tgz"
    },
    {
        "type": "file",
        "url": "https://registry.yarnpkg.com/asynckit/-/asynckit-0.4.0.tgz",
        "sha1": "c79ed97f7f34cb8f2ba1bc9790bcc366474b4b79",
        "dest": "yarn-mirror",
        "dest-filename": "asynckit-0.4.0.tgz"
    },
    {
        "type": "file",
        "url": "https://registry.yarnpkg.com/aws-sign2/-/aws-sign2-0.7.0.tgz",
        "sha1": "b46e890934a9591f2d2f6f86d7e6a9f1b3fe76a8",
        "dest": "yarn-mirror",
        "dest-filename": "aws-sign2-0.7.0.tgz"
    },
    {
        "type": "file",
        "url": "https://registry.yarnpkg.com/aws4/-/aws4-1.6.0.tgz",
        "sha1": "83ef5ca860b2b32e4a0deedee8c771b9db57471e",
        "dest": "yarn-mirror",
        "dest-filename": "aws4-1.6.0.tgz"
    },
    {
        "type": "file",
        "url": "https://registry.yarnpkg.com/balanced-match/-/balanced-match-1.0.0.tgz",
        "sha1": "89b4d199ab2bee49de164ea02b89ce462d71b767",
        "dest": "yarn-mirror",
        "dest-filename": "balanced-match-1.0.0.tgz"
    },
    {
        "type": "file",
        "url": "https://registry.yarnpkg.com/bcrypt-pbkdf/-/bcrypt-pbkdf-1.0.1.tgz",
        "sha1": "63bc5dcb61331b92bc05fd528953c33462a06f8d",
        "dest": "yarn-mirror",
        "dest-filename": "bcrypt-pbkdf-1.0.1.tgz"
    },
    {
        "type": "file",
        "url": "https://registry.yarnpkg.com/boom/-/boom-4.3.1.tgz",
        "sha1": "4f8a3005cb4a7e3889f749030fd25b96e01d2e31",
        "dest": "yarn-mirror",
        "dest-filename": "boom-4.3.1.tgz"
    },
    {
        "type": "file",
        "url": "https://registry.yarnpkg.com/boom/-/boom-5.2.0.tgz",
        "sha1": "5dd9da6ee3a5f302077436290cb717d3f4a54e02",
        "dest": "yarn-mirror",
        "dest-filename": "boom-5.2.0.tgz"
    },
    {
        "type": "file",
        "url": "https://registry.yarnpkg.com/brace-expansion/-/brace-expansion-1.1.8.tgz",
        "sha1": "c07b211c7c952ec1f8efd51a77ef0d1d3990a292",
        "dest": "yarn-mirror",
        "dest-filename": "brace-expansion-1.1.8.tgz"
    },
    {
        "type": "file",
        "url": "https://registry.yarnpkg.com/builtin-modules/-/builtin-modules-1.1.1.tgz",
        "sha1": "270f076c5a72c02f5b65a47df94c5fe3a278892f",
        "dest": "yarn-mirror",
        "dest-filename": "builtin-modules-1.1.1.tgz"
    },
    {
        "type": "file",
        "url": "https://registry.yarnpkg.com/camelcase-keys/-/camelcase-keys-2.1.0.tgz",
        "sha1": "308beeaffdf28119051efa1d932213c91b8f92e7",
        "dest": "yarn-mirror",
        "dest-filename": "camelcase-keys-2.1.0.tgz"
    },
    {
        "type": "file",
        "url": "https://registry.yarnpkg.com/camelcase/-/camelcase-2.1.1.tgz",
        "sha1": "7c1d16d679a1bbe59ca02cacecfb011e201f5a1f",
        "dest": "yarn-mirror",
        "dest-filename": "camelcase-2.1.1.tgz"
    },
    {
        "type": "file",
        "url": "https://registry.yarnpkg.com/caseless/-/caseless-0.12.0.tgz",
        "sha1": "1b681c21ff84033c826543090689420d187151dc",
        "dest": "yarn-mirror",
        "dest-filename": "caseless-0.12.0.tgz"
    },
    {
        "type": "file",
        "url": "https://registry.yarnpkg.com/co/-/co-4.6.0.tgz",
        "sha1": "6ea6bdf3d853ae54ccb8e47bfa0bf3f9031fb184",
        "dest": "yarn-mirror",
        "dest-filename": "co-4.6.0.tgz"
    },
    {
        "type": "file",
        "url": "https://registry.yarnpkg.com/code-point-at/-/code-point-at-1.1.0.tgz",
        "sha1": "0d070b4d043a5bea33a2f1a40e2edb3d9a4ccf77",
        "dest": "yarn-mirror",
        "dest-filename": "code-point-at-1.1.0.tgz"
    },
    {
        "type": "file",
        "url": "https://registry.yarnpkg.com/combined-stream/-/combined-stream-1.0.5.tgz",
        "sha1": "938370a57b4a51dea2c77c15d5c5fdf895164009",
        "dest": "yarn-mirror",
        "dest-filename": "combined-stream-1.0.5.tgz"
    },
    {
        "type": "file",
        "url": "https://registry.yarnpkg.com/concat-map/-/concat-map-0.0.1.tgz",
        "sha1": "d8a96bd77fd68df7793a73036a3ba0d5405d477b",
        "dest": "yarn-mirror",
        "dest-filename": "concat-map-0.0.1.tgz"
    },
    {
        "type": "file",
        "url": "https://registry.yarnpkg.com/concat-stream/-/concat-stream-1.6.0.tgz",
        "sha1": "0aac662fd52be78964d5532f694784e70110acf7",
        "dest": "yarn-mirror",
        "dest-filename": "concat-stream-1.6.0.tgz"
    },
    {
        "type": "file",
        "url": "https://registry.yarnpkg.com/core-util-is/-/core-util-is-1.0.2.tgz",
        "sha1": "b5fd54220aa2bc5ab57aab7140c940754503c1a7",
        "dest": "yarn-mirror",
        "dest-filename": "core-util-is-1.0.2.tgz"
    },
    {
        "type": "file",
        "url": "https://registry.yarnpkg.com/cryptiles/-/cryptiles-3.1.2.tgz",
        "sha1": "a89fbb220f5ce25ec56e8c4aa8a4fd7b5b0d29fe",
        "dest": "yarn-mirror",
        "dest-filename": "cryptiles-3.1.2.tgz"
    },
    {
        "type": "file",
        "url": "https://registry.yarnpkg.com/currently-unhandled/-/currently-unhandled-0.4.1.tgz",
        "sha1": "988df33feab191ef799a61369dd76c17adf957ea",
        "dest": "yarn-mirror",
        "dest-filename": "currently-unhandled-0.4.1.tgz"
    },
    {
        "type": "file",
        "url": "https://registry.yarnpkg.com/dashdash/-/dashdash-1.14.1.tgz",
        "sha1": "853cfa0f7cbe2fed5de20326b8dd581035f6e2f0",
        "dest": "yarn-mirror",
        "dest-filename": "dashdash-1.14.1.tgz"
    },
    {
        "type": "file",
        "url": "https://registry.yarnpkg.com/debug/-/debug-2.6.9.tgz",
        "sha1": "5d128515df134ff327e90a4c93f4e077a536341f",
        "dest": "yarn-mirror",
        "dest-filename": "debug-2.6.9.tgz"
    },
    {
        "type": "file",
        "url": "https://registry.yarnpkg.com/decamelize/-/decamelize-1.2.0.tgz",
        "sha1": "f6534d15148269b20352e7bee26f501f9a191290",
        "dest": "yarn-mirror",
        "dest-filename": "decamelize-1.2.0.tgz"
    },
    {
        "type": "file",
        "url": "https://registry.yarnpkg.com/deep-extend/-/deep-extend-0.4.2.tgz",
        "sha1": "48b699c27e334bf89f10892be432f6e4c7d34a7f",
        "dest": "yarn-mirror",
        "dest-filename": "deep-extend-0.4.2.tgz"
    },
    {
        "type": "file",
        "url": "https://registry.yarnpkg.com/delayed-stream/-/delayed-stream-1.0.0.tgz",
        "sha1": "df3ae199acadfb7d440aaae0b29e2272b24ec619",
        "dest": "yarn-mirror",
        "dest-filename": "delayed-stream-1.0.0.tgz"
    },
    {
        "type": "file",
        "url": "https://registry.yarnpkg.com/ecc-jsbn/-/ecc-jsbn-0.1.1.tgz",
        "sha1": "0fc73a9ed5f0d53c38193398523ef7e543777505",
        "dest": "yarn-mirror",
        "dest-filename": "ecc-jsbn-0.1.1.tgz"
    },
    {
        "type": "file",
        "url": "https://registry.yarnpkg.com/electron-download/-/electron-download-3.3.0.tgz",
        "sha1": "2cfd54d6966c019c4d49ad65fbe65cc9cdef68c8",
        "dest": "yarn-mirror",
        "dest-filename": "electron-download-3.3.0.tgz"
    },
    {
        "type": "file",
        "url": "https://github.com/electron/electron/releases/download/v1.7.10/electron-v1.7.10-linux-ia32.zip",
        "sha256": "a4ead386596c153e8989a15dfe1ee4d3da552b370aec5bb73ebb8308f4cbb202",
        "dest": "electron-cache",
        "only-arches": [
            "i386"
        ],
        "dest-filename": "electron-v1.7.10-linux-ia32.zip"
    },
    {
        "type": "file",
        "url": "https://github.com/electron/electron/releases/download/v1.7.10/electron-v1.7.10-linux-x64.zip",
        "sha256": "a0365bb2fbc537a6a51f3275f032e26e67eb980f1893e31aabe779e76a6d3bb8",
        "dest": "electron-cache",
        "only-arches": [
            "x86_64"
        ],
        "dest-filename": "electron-v1.7.10-linux-x64.zip"
    },
    {
        "type": "file",
        "url": "https://github.com/electron/electron/releases/download/v1.7.10/electron-v1.7.10-linux-arm.zip",
        "sha256": "9a7934c15f9a949992f43bebee15be9bf755b333b2055a4e34332f20fed948c1",
        "dest": "electron-cache",
        "only-arches": [
            "arm"
        ],
        "dest-filename": "electron-v1.7.10-linux-arm.zip"
    },
    {
        "type": "file",
        "url": "data:a4ead386596c153e8989a15dfe1ee4d3da552b370aec5bb73ebb8308f4cbb202%20%2Aelectron-v1.7.10-linux-ia32.zip%0Aa0365bb2fbc537a6a51f3275f032e26e67eb980f1893e31aabe779e76a6d3bb8%20%2Aelectron-v1.7.10-linux-x64.zip%0A9a7934c15f9a949992f43bebee15be9bf755b333b2055a4e34332f20fed948c1%20%2Aelectron-v1.7.10-linux-arm.zip%0A",
        "dest": "electron-cache",
        "dest-filename": "SHASUMS256.txt-1.7.10"
    },
    {
        "type": "file",
        "url": "https://registry.yarnpkg.com/electron/-/electron-1.7.10.tgz",
        "sha1": "3a3e83d965fd7fafe473be8ddf8f472561b6253d",
        "dest": "yarn-mirror",
        "dest-filename": "electron-1.7.10.tgz"
    },
    {
        "type": "file",
        "url": "https://registry.yarnpkg.com/error-ex/-/error-ex-1.3.1.tgz",
        "sha1": "f855a86ce61adc4e8621c3cda21e7a7612c3a8dc",
        "dest": "yarn-mirror",
        "dest-filename": "error-ex-1.3.1.tgz"
    },
    {
        "type": "file",
        "url": "https://registry.yarnpkg.com/es6-promise/-/es6-promise-4.2.2.tgz",
        "sha1": "f722d7769af88bd33bc13ec6605e1f92966b82d9",
        "dest": "yarn-mirror",
        "dest-filename": "es6-promise-4.2.2.tgz"
    },
    {
        "type": "file",
        "url": "https://registry.yarnpkg.com/extend/-/extend-3.0.1.tgz",
        "sha1": "a755ea7bc1adfcc5a31ce7e762dbaadc5e636444",
        "dest": "yarn-mirror",
        "dest-filename": "extend-3.0.1.tgz"
    },
    {
        "type": "file",
        "url": "https://registry.yarnpkg.com/extract-zip/-/extract-zip-1.6.6.tgz",
        "sha1": "1290ede8d20d0872b429fd3f351ca128ec5ef85c",
        "dest": "yarn-mirror",
        "dest-filename": "extract-zip-1.6.6.tgz"
    },
    {
        "type": "file",
        "url": "https://registry.yarnpkg.com/extsprintf/-/extsprintf-1.3.0.tgz",
        "sha1": "96918440e3041a7a414f8c52e3c574eb3c3e1e05",
        "dest": "yarn-mirror",
        "dest-filename": "extsprintf-1.3.0.tgz"
    },
    {
        "type": "file",
        "url": "https://registry.yarnpkg.com/extsprintf/-/extsprintf-1.4.0.tgz",
        "sha1": "e2689f8f356fad62cca65a3a91c5df5f9551692f",
        "dest": "yarn-mirror",
        "dest-filename": "extsprintf-1.4.0.tgz"
    },
    {
        "type": "file",
        "url": "https://registry.yarnpkg.com/fast-deep-equal/-/fast-deep-equal-1.0.0.tgz",
        "sha1": "96256a3bc975595eb36d82e9929d060d893439ff",
        "dest": "yarn-mirror",
        "dest-filename": "fast-deep-equal-1.0.0.tgz"
    },
    {
        "type": "file",
        "url": "https://registry.yarnpkg.com/fast-json-stable-stringify/-/fast-json-stable-stringify-2.0.0.tgz",
        "sha1": "d5142c0caee6b1189f87d3a76111064f86c8bbf2",
        "dest": "yarn-mirror",
        "dest-filename": "fast-json-stable-stringify-2.0.0.tgz"
    },
    {
        "type": "file",
        "url": "https://registry.yarnpkg.com/fd-slicer/-/fd-slicer-1.0.1.tgz",
        "sha1": "8b5bcbd9ec327c5041bf9ab023fd6750f1177e65",
        "dest": "yarn-mirror",
        "dest-filename": "fd-slicer-1.0.1.tgz"
    },
    {
        "type": "file",
        "url": "https://registry.yarnpkg.com/find-up/-/find-up-1.1.2.tgz",
        "sha1": "6b2e9822b1a2ce0a60ab64d610eccad53cb24d0f",
        "dest": "yarn-mirror",
        "dest-filename": "find-up-1.1.2.tgz"
    },
    {
        "type": "file",
        "url": "https://registry.yarnpkg.com/forever-agent/-/forever-agent-0.6.1.tgz",
        "sha1": "fbc71f0c41adeb37f96c577ad1ed42d8fdacca91",
        "dest": "yarn-mirror",
        "dest-filename": "forever-agent-0.6.1.tgz"
    },
    {
        "type": "file",
        "url": "https://registry.yarnpkg.com/form-data/-/form-data-2.3.1.tgz",
        "sha1": "6fb94fbd71885306d73d15cc497fe4cc4ecd44bf",
        "dest": "yarn-mirror",
        "dest-filename": "form-data-2.3.1.tgz"
    },
    {
        "type": "file",
        "url": "https://registry.yarnpkg.com/fs-extra/-/fs-extra-0.30.0.tgz",
        "sha1": "f233ffcc08d4da7d432daa449776989db1df93f0",
        "dest": "yarn-mirror",
        "dest-filename": "fs-extra-0.30.0.tgz"
    },
    {
        "type": "file",
        "url": "https://registry.yarnpkg.com/fs.realpath/-/fs.realpath-1.0.0.tgz",
        "sha1": "1504ad2523158caa40db4a2787cb01411994ea4f",
        "dest": "yarn-mirror",
        "dest-filename": "fs.realpath-1.0.0.tgz"
    },
    {
        "type": "file",
        "url": "https://registry.yarnpkg.com/get-stdin/-/get-stdin-4.0.1.tgz",
        "sha1": "b968c6b0a04384324902e8bf1a5df32579a450fe",
        "dest": "yarn-mirror",
        "dest-filename": "get-stdin-4.0.1.tgz"
    },
    {
        "type": "file",
        "url": "https://registry.yarnpkg.com/getpass/-/getpass-0.1.7.tgz",
        "sha1": "5eff8e3e684d569ae4cb2b1282604e8ba62149fa",
        "dest": "yarn-mirror",
        "dest-filename": "getpass-0.1.7.tgz"
    },
    {
        "type": "file",
        "url": "https://registry.yarnpkg.com/glob/-/glob-7.1.2.tgz",
        "sha1": "c19c9df9a028702d678612384a6552404c636d15",
        "dest": "yarn-mirror",
        "dest-filename": "glob-7.1.2.tgz"
    },
    {
        "type": "file",
        "url": "https://registry.yarnpkg.com/graceful-fs/-/graceful-fs-4.1.11.tgz",
        "sha1": "0e8bdfe4d1ddb8854d64e04ea7c00e2a026e5658",
        "dest": "yarn-mirror",
        "dest-filename": "graceful-fs-4.1.11.tgz"
    },
    {
        "type": "file",
        "url": "https://registry.yarnpkg.com/har-schema/-/har-schema-2.0.0.tgz",
        "sha1": "a94c2224ebcac04782a0d9035521f24735b7ec92",
        "dest": "yarn-mirror",
        "dest-filename": "har-schema-2.0.0.tgz"
    },
    {
        "type": "file",
        "url": "https://registry.yarnpkg.com/har-validator/-/har-validator-5.0.3.tgz",
        "sha1": "ba402c266194f15956ef15e0fcf242993f6a7dfd",
        "dest": "yarn-mirror",
        "dest-filename": "har-validator-5.0.3.tgz"
    },
    {
        "type": "file",
        "url": "https://registry.yarnpkg.com/hawk/-/hawk-6.0.2.tgz",
        "sha1": "af4d914eb065f9b5ce4d9d11c1cb2126eecc3038",
        "dest": "yarn-mirror",
        "dest-filename": "hawk-6.0.2.tgz"
    },
    {
        "type": "file",
        "url": "https://registry.yarnpkg.com/hoek/-/hoek-4.2.0.tgz",
        "sha1": "72d9d0754f7fe25ca2d01ad8f8f9a9449a89526d",
        "dest": "yarn-mirror",
        "dest-filename": "hoek-4.2.0.tgz"
    },
    {
        "type": "file",
        "url": "https://registry.yarnpkg.com/home-path/-/home-path-1.0.5.tgz",
        "sha1": "788b29815b12d53bacf575648476e6f9041d133f",
        "dest": "yarn-mirror",
        "dest-filename": "home-path-1.0.5.tgz"
    },
    {
        "type": "file",
        "url": "https://registry.yarnpkg.com/hosted-git-info/-/hosted-git-info-2.5.0.tgz",
        "sha1": "6d60e34b3abbc8313062c3b798ef8d901a07af3c",
        "dest": "yarn-mirror",
        "dest-filename": "hosted-git-info-2.5.0.tgz"
    },
    {
        "type": "file",
        "url": "https://registry.yarnpkg.com/http-signature/-/http-signature-1.2.0.tgz",
        "sha1": "9aecd925114772f3d95b65a60abb8f7c18fbace1",
        "dest": "yarn-mirror",
        "dest-filename": "http-signature-1.2.0.tgz"
    },
    {
        "type": "file",
        "url": "https://registry.yarnpkg.com/indent-string/-/indent-string-2.1.0.tgz",
        "sha1": "8e2d48348742121b4a8218b7a137e9a52049dc80",
        "dest": "yarn-mirror",
        "dest-filename": "indent-string-2.1.0.tgz"
    },
    {
        "type": "file",
        "url": "https://registry.yarnpkg.com/inflight/-/inflight-1.0.6.tgz",
        "sha1": "49bd6331d7d02d0c09bc910a1075ba8165b56df9",
        "dest": "yarn-mirror",
        "dest-filename": "inflight-1.0.6.tgz"
    },
    {
        "type": "file",
        "url": "https://registry.yarnpkg.com/inherits/-/inherits-2.0.3.tgz",
        "sha1": "633c2c83e3da42a502f52466022480f4208261de",
        "dest": "yarn-mirror",
        "dest-filename": "inherits-2.0.3.tgz"
    },
    {
        "type": "file",
        "url": "https://registry.yarnpkg.com/ini/-/ini-1.3.5.tgz",
        "sha1": "eee25f56db1c9ec6085e0c22778083f596abf927",
        "dest": "yarn-mirror",
        "dest-filename": "ini-1.3.5.tgz"
    },
    {
        "type": "file",
        "url": "https://registry.yarnpkg.com/is-arrayish/-/is-arrayish-0.2.1.tgz",
        "sha1": "77c99840527aa8ecb1a8ba697b80645a7a926a9d",
        "dest": "yarn-mirror",
        "dest-filename": "is-arrayish-0.2.1.tgz"
    },
    {
        "type": "file",
        "url": "https://registry.yarnpkg.com/is-builtin-module/-/is-builtin-module-1.0.0.tgz",
        "sha1": "540572d34f7ac3119f8f76c30cbc1b1e037affbe",
        "dest": "yarn-mirror",
        "dest-filename": "is-builtin-module-1.0.0.tgz"
    },
    {
        "type": "file",
        "url": "https://registry.yarnpkg.com/is-finite/-/is-finite-1.0.2.tgz",
        "sha1": "cc6677695602be550ef11e8b4aa6305342b6d0aa",
        "dest": "yarn-mirror",
        "dest-filename": "is-finite-1.0.2.tgz"
    },
    {
        "type": "file",
        "url": "https://registry.yarnpkg.com/is-fullwidth-code-point/-/is-fullwidth-code-point-1.0.0.tgz",
        "sha1": "ef9e31386f031a7f0d643af82fde50c457ef00cb",
        "dest": "yarn-mirror",
        "dest-filename": "is-fullwidth-code-point-1.0.0.tgz"
    },
    {
        "type": "file",
        "url": "https://registry.yarnpkg.com/is-typedarray/-/is-typedarray-1.0.0.tgz",
        "sha1": "e479c80858df0c1b11ddda6940f96011fcda4a9a",
        "dest": "yarn-mirror",
        "dest-filename": "is-typedarray-1.0.0.tgz"
    },
    {
        "type": "file",
        "url": "https://registry.yarnpkg.com/is-utf8/-/is-utf8-0.2.1.tgz",
        "sha1": "4b0da1442104d1b336340e80797e865cf39f7d72",
        "dest": "yarn-mirror",
        "dest-filename": "is-utf8-0.2.1.tgz"
    },
    {
        "type": "file",
        "url": "https://registry.yarnpkg.com/isarray/-/isarray-0.0.1.tgz",
        "sha1": "8a18acfca9a8f4177e09abfc6038939b05d1eedf",
        "dest": "yarn-mirror",
        "dest-filename": "isarray-0.0.1.tgz"
    },
    {
        "type": "file",
        "url": "https://registry.yarnpkg.com/isarray/-/isarray-1.0.0.tgz",
        "sha1": "bb935d48582cba168c06834957a54a3e07124f11",
        "dest": "yarn-mirror",
        "dest-filename": "isarray-1.0.0.tgz"
    },
    {
        "type": "file",
        "url": "https://registry.yarnpkg.com/isstream/-/isstream-0.1.2.tgz",
        "sha1": "47e63f7af55afa6f92e1500e690eb8b8529c099a",
        "dest": "yarn-mirror",
        "dest-filename": "isstream-0.1.2.tgz"
    },
    {
        "type": "file",
        "url": "https://registry.yarnpkg.com/jsbn/-/jsbn-0.1.1.tgz",
        "sha1": "a5e654c2e5a2deb5f201d96cefbca80c0ef2f513",
        "dest": "yarn-mirror",
        "dest-filename": "jsbn-0.1.1.tgz"
    },
    {
        "type": "file",
        "url": "https://registry.yarnpkg.com/json-schema-traverse/-/json-schema-traverse-0.3.1.tgz",
        "sha1": "349a6d44c53a51de89b40805c5d5e59b417d3340",
        "dest": "yarn-mirror",
        "dest-filename": "json-schema-traverse-0.3.1.tgz"
    },
    {
        "type": "file",
        "url": "https://registry.yarnpkg.com/json-schema/-/json-schema-0.2.3.tgz",
        "sha1": "b480c892e59a2f05954ce727bd3f2a4e882f9e13",
        "dest": "yarn-mirror",
        "dest-filename": "json-schema-0.2.3.tgz"
    },
    {
        "type": "file",
        "url": "https://registry.yarnpkg.com/json-stringify-safe/-/json-stringify-safe-5.0.1.tgz",
        "sha1": "1296a2d58fd45f19a0f6ce01d65701e2c735b6eb",
        "dest": "yarn-mirror",
        "dest-filename": "json-stringify-safe-5.0.1.tgz"
    },
    {
        "type": "file",
        "url": "https://registry.yarnpkg.com/jsonfile/-/jsonfile-2.4.0.tgz",
        "sha1": "3736a2b428b87bbda0cc83b53fa3d633a35c2ae8",
        "dest": "yarn-mirror",
        "dest-filename": "jsonfile-2.4.0.tgz"
    },
    {
        "type": "file",
        "url": "https://registry.yarnpkg.com/jsprim/-/jsprim-1.4.1.tgz",
        "sha1": "313e66bc1e5cc06e438bc1b7499c2e5c56acb6a2",
        "dest": "yarn-mirror",
        "dest-filename": "jsprim-1.4.1.tgz"
    },
    {
        "type": "file",
        "url": "https://registry.yarnpkg.com/klaw/-/klaw-1.3.1.tgz",
        "sha1": "4088433b46b3b1ba259d78785d8e96f73ba02439",
        "dest": "yarn-mirror",
        "dest-filename": "klaw-1.3.1.tgz"
    },
    {
        "type": "file",
        "url": "https://registry.yarnpkg.com/load-json-file/-/load-json-file-1.1.0.tgz",
        "sha1": "956905708d58b4bab4c2261b04f59f31c99374c0",
        "dest": "yarn-mirror",
        "dest-filename": "load-json-file-1.1.0.tgz"
    },
    {
        "type": "file",
        "url": "https://registry.yarnpkg.com/loud-rejection/-/loud-rejection-1.6.0.tgz",
        "sha1": "5b46f80147edee578870f086d04821cf998e551f",
        "dest": "yarn-mirror",
        "dest-filename": "loud-rejection-1.6.0.tgz"
    },
    {
        "type": "file",
        "url": "https://registry.yarnpkg.com/map-obj/-/map-obj-1.0.1.tgz",
        "sha1": "d933ceb9205d82bdcf4886f6742bdc2b4dea146d",
        "dest": "yarn-mirror",
        "dest-filename": "map-obj-1.0.1.tgz"
    },
    {
        "type": "file",
        "url": "https://registry.yarnpkg.com/meow/-/meow-3.7.0.tgz",
        "sha1": "72cb668b425228290abbfa856892587308a801fb",
        "dest": "yarn-mirror",
        "dest-filename": "meow-3.7.0.tgz"
    },
    {
        "type": "file",
        "url": "https://registry.yarnpkg.com/mime-db/-/mime-db-1.30.0.tgz",
        "sha1": "74c643da2dd9d6a45399963465b26d5ca7d71f01",
        "dest": "yarn-mirror",
        "dest-filename": "mime-db-1.30.0.tgz"
    },
    {
        "type": "file",
        "url": "https://registry.yarnpkg.com/mime-types/-/mime-types-2.1.17.tgz",
        "sha1": "09d7a393f03e995a79f8af857b70a9e0ab16557a",
        "dest": "yarn-mirror",
        "dest-filename": "mime-types-2.1.17.tgz"
    },
    {
        "type": "file",
        "url": "https://registry.yarnpkg.com/minimatch/-/minimatch-3.0.4.tgz",
        "sha1": "5166e286457f03306064be5497e8dbb0c3d32083",
        "dest": "yarn-mirror",
        "dest-filename": "minimatch-3.0.4.tgz"
    },
    {
        "type": "file",
        "url": "https://registry.yarnpkg.com/minimist/-/minimist-0.0.8.tgz",
        "sha1": "857fcabfc3397d2625b8228262e86aa7a011b05d",
        "dest": "yarn-mirror",
        "dest-filename": "minimist-0.0.8.tgz"
    },
    {
        "type": "file",
        "url": "https://registry.yarnpkg.com/minimist/-/minimist-1.2.0.tgz",
        "sha1": "a35008b20f41383eec1fb914f4cd5df79a264284",
        "dest": "yarn-mirror",
        "dest-filename": "minimist-1.2.0.tgz"
    },
    {
        "type": "file",
        "url": "https://registry.yarnpkg.com/mkdirp/-/mkdirp-0.5.0.tgz",
        "sha1": "1d73076a6df986cd9344e15e71fcc05a4c9abf12",
        "dest": "yarn-mirror",
        "dest-filename": "mkdirp-0.5.0.tgz"
    },
    {
        "type": "file",
        "url": "https://registry.yarnpkg.com/ms/-/ms-2.0.0.tgz",
        "sha1": "5608aeadfc00be6c2901df5f9861788de0d597c8",
        "dest": "yarn-mirror",
        "dest-filename": "ms-2.0.0.tgz"
    },
    {
        "type": "file",
        "url": "https://registry.yarnpkg.com/normalize-package-data/-/normalize-package-data-2.4.0.tgz",
        "sha1": "12f95a307d58352075a04907b84ac8be98ac012f",
        "dest": "yarn-mirror",
        "dest-filename": "normalize-package-data-2.4.0.tgz"
    },
    {
        "type": "file",
        "url": "https://registry.yarnpkg.com/nugget/-/nugget-2.0.1.tgz",
        "sha1": "201095a487e1ad36081b3432fa3cada4f8d071b0",
        "dest": "yarn-mirror",
        "dest-filename": "nugget-2.0.1.tgz"
    },
    {
        "type": "file",
        "url": "https://registry.yarnpkg.com/number-is-nan/-/number-is-nan-1.0.1.tgz",
        "sha1": "097b602b53422a522c1afb8790318336941a011d",
        "dest": "yarn-mirror",
        "dest-filename": "number-is-nan-1.0.1.tgz"
    },
    {
        "type": "file",
        "url": "https://registry.yarnpkg.com/oauth-sign/-/oauth-sign-0.8.2.tgz",
        "sha1": "46a6ab7f0aead8deae9ec0565780b7d4efeb9d43",
        "dest": "yarn-mirror",
        "dest-filename": "oauth-sign-0.8.2.tgz"
    },
    {
        "type": "file",
        "url": "https://registry.yarnpkg.com/object-assign/-/object-assign-4.1.1.tgz",
        "sha1": "2109adc7965887cfc05cbbd442cac8bfbb360863",
        "dest": "yarn-mirror",
        "dest-filename": "object-assign-4.1.1.tgz"
    },
    {
        "type": "file",
        "url": "https://registry.yarnpkg.com/object-keys/-/object-keys-0.4.0.tgz",
        "sha1": "28a6aae7428dd2c3a92f3d95f21335dd204e0336",
        "dest": "yarn-mirror",
        "dest-filename": "object-keys-0.4.0.tgz"
    },
    {
        "type": "file",
        "url": "https://registry.yarnpkg.com/once/-/once-1.4.0.tgz",
        "sha1": "583b1aa775961d4b113ac17d9c50baef9dd76bd1",
        "dest": "yarn-mirror",
        "dest-filename": "once-1.4.0.tgz"
    },
    {
        "type": "file",
        "url": "https://registry.yarnpkg.com/parse-json/-/parse-json-2.2.0.tgz",
        "sha1": "f480f40434ef80741f8469099f8dea18f55a4dc9",
        "dest": "yarn-mirror",
        "dest-filename": "parse-json-2.2.0.tgz"
    },
    {
        "type": "file",
        "url": "https://registry.yarnpkg.com/path-exists/-/path-exists-2.1.0.tgz",
        "sha1": "0feb6c64f0fc518d9a754dd5efb62c7022761f4b",
        "dest": "yarn-mirror",
        "dest-filename": "path-exists-2.1.0.tgz"
    },
    {
        "type": "file",
        "url": "https://registry.yarnpkg.com/path-is-absolute/-/path-is-absolute-1.0.1.tgz",
        "sha1": "174b9268735534ffbc7ace6bf53a5a9e1b5c5f5f",
        "dest": "yarn-mirror",
        "dest-filename": "path-is-absolute-1.0.1.tgz"
    },
    {
        "type": "file",
        "url": "https://registry.yarnpkg.com/path-type/-/path-type-1.1.0.tgz",
        "sha1": "59c44f7ee491da704da415da5a4070ba4f8fe441",
        "dest": "yarn-mirror",
        "dest-filename": "path-type-1.1.0.tgz"
    },
    {
        "type": "file",
        "url": "https://registry.yarnpkg.com/pend/-/pend-1.2.0.tgz",
        "sha1": "7a57eb550a6783f9115331fcf4663d5c8e007a50",
        "dest": "yarn-mirror",
        "dest-filename": "pend-1.2.0.tgz"
    },
    {
        "type": "file",
        "url": "https://registry.yarnpkg.com/performance-now/-/performance-now-2.1.0.tgz",
        "sha1": "6309f4e0e5fa913ec1c69307ae364b4b377c9e7b",
        "dest": "yarn-mirror",
        "dest-filename": "performance-now-2.1.0.tgz"
    },
    {
        "type": "file",
        "url": "https://registry.yarnpkg.com/pify/-/pify-2.3.0.tgz",
        "sha1": "ed141a6ac043a849ea588498e7dca8b15330e90c",
        "dest": "yarn-mirror",
        "dest-filename": "pify-2.3.0.tgz"
    },
    {
        "type": "file",
        "url": "https://registry.yarnpkg.com/pinkie-promise/-/pinkie-promise-2.0.1.tgz",
        "sha1": "2135d6dfa7a358c069ac9b178776288228450ffa",
        "dest": "yarn-mirror",
        "dest-filename": "pinkie-promise-2.0.1.tgz"
    },
    {
        "type": "file",
        "url": "https://registry.yarnpkg.com/pinkie/-/pinkie-2.0.4.tgz",
        "sha1": "72556b80cfa0d48a974e80e77248e80ed4f7f870",
        "dest": "yarn-mirror",
        "dest-filename": "pinkie-2.0.4.tgz"
    },
    {
        "type": "file",
        "url": "https://registry.yarnpkg.com/pretty-bytes/-/pretty-bytes-1.0.4.tgz",
        "sha1": "0a22e8210609ad35542f8c8d5d2159aff0751c84",
        "dest": "yarn-mirror",
        "dest-filename": "pretty-bytes-1.0.4.tgz"
    },
    {
        "type": "file",
        "url": "https://registry.yarnpkg.com/process-nextick-args/-/process-nextick-args-1.0.7.tgz",
        "sha1": "150e20b756590ad3f91093f25a4f2ad8bff30ba3",
        "dest": "yarn-mirror",
        "dest-filename": "process-nextick-args-1.0.7.tgz"
    },
    {
        "type": "file",
        "url": "https://registry.yarnpkg.com/progress-stream/-/progress-stream-1.2.0.tgz",
        "sha1": "2cd3cfea33ba3a89c9c121ec3347abe9ab125f77",
        "dest": "yarn-mirror",
        "dest-filename": "progress-stream-1.2.0.tgz"
    },
    {
        "type": "file",
        "url": "https://registry.yarnpkg.com/punycode/-/punycode-1.4.1.tgz",
        "sha1": "c0d5a63b2718800ad8e1eb0fa5269c84dd41845e",
        "dest": "yarn-mirror",
        "dest-filename": "punycode-1.4.1.tgz"
    },
    {
        "type": "file",
        "url": "https://registry.yarnpkg.com/qs/-/qs-6.5.1.tgz",
        "sha1": "349cdf6eef89ec45c12d7d5eb3fc0c870343a6d8",
        "dest": "yarn-mirror",
        "dest-filename": "qs-6.5.1.tgz"
    },
    {
        "type": "file",
        "url": "https://registry.yarnpkg.com/rc/-/rc-1.2.2.tgz",
        "sha1": "d8ce9cb57e8d64d9c7badd9876c7c34cbe3c7077",
        "dest": "yarn-mirror",
        "dest-filename": "rc-1.2.2.tgz"
    },
    {
        "type": "file",
        "url": "https://registry.yarnpkg.com/read-pkg-up/-/read-pkg-up-1.0.1.tgz",
        "sha1": "9d63c13276c065918d57f002a57f40a1b643fb02",
        "dest": "yarn-mirror",
        "dest-filename": "read-pkg-up-1.0.1.tgz"
    },
    {
        "type": "file",
        "url": "https://registry.yarnpkg.com/read-pkg/-/read-pkg-1.1.0.tgz",
        "sha1": "f5ffaa5ecd29cb31c0474bca7d756b6bb29e3f28",
        "dest": "yarn-mirror",
        "dest-filename": "read-pkg-1.1.0.tgz"
    },
    {
        "type": "file",
        "url": "https://registry.yarnpkg.com/readable-stream/-/readable-stream-2.3.3.tgz",
        "sha1": "368f2512d79f9d46fdfc71349ae7878bbc1eb95c",
        "dest": "yarn-mirror",
        "dest-filename": "readable-stream-2.3.3.tgz"
    },
    {
        "type": "file",
        "url": "https://registry.yarnpkg.com/readable-stream/-/readable-stream-1.1.14.tgz",
        "sha1": "7cf4c54ef648e3813084c636dd2079e166c081d9",
        "dest": "yarn-mirror",
        "dest-filename": "readable-stream-1.1.14.tgz"
    },
    {
        "type": "file",
        "url": "https://registry.yarnpkg.com/redent/-/redent-1.0.0.tgz",
        "sha1": "cf916ab1fd5f1f16dfb20822dd6ec7f730c2afde",
        "dest": "yarn-mirror",
        "dest-filename": "redent-1.0.0.tgz"
    },
    {
        "type": "file",
        "url": "https://registry.yarnpkg.com/repeating/-/repeating-2.0.1.tgz",
        "sha1": "5214c53a926d3552707527fbab415dbc08d06dda",
        "dest": "yarn-mirror",
        "dest-filename": "repeating-2.0.1.tgz"
    },
    {
        "type": "file",
        "url": "https://registry.yarnpkg.com/request/-/request-2.83.0.tgz",
        "sha1": "ca0b65da02ed62935887808e6f510381034e3356",
        "dest": "yarn-mirror",
        "dest-filename": "request-2.83.0.tgz"
    },
    {
        "type": "file",
        "url": "https://registry.yarnpkg.com/rimraf/-/rimraf-2.6.2.tgz",
        "sha1": "2ed8150d24a16ea8651e6d6ef0f47c4158ce7a36",
        "dest": "yarn-mirror",
        "dest-filename": "rimraf-2.6.2.tgz"
    },
    {
        "type": "file",
        "url": "https://registry.yarnpkg.com/safe-buffer/-/safe-buffer-5.1.1.tgz",
        "sha1": "893312af69b2123def71f57889001671eeb2c853",
        "dest": "yarn-mirror",
        "dest-filename": "safe-buffer-5.1.1.tgz"
    },
    {
        "type": "file",
        "url": "https://registry.yarnpkg.com/semver/-/semver-5.4.1.tgz",
        "sha1": "e059c09d8571f0540823733433505d3a2f00b18e",
        "dest": "yarn-mirror",
        "dest-filename": "semver-5.4.1.tgz"
    },
    {
        "type": "file",
        "url": "https://registry.yarnpkg.com/signal-exit/-/signal-exit-3.0.2.tgz",
        "sha1": "b5fdc08f1287ea1178628e415e25132b73646c6d",
        "dest": "yarn-mirror",
        "dest-filename": "signal-exit-3.0.2.tgz"
    },
    {
        "type": "file",
        "url": "https://registry.yarnpkg.com/single-line-log/-/single-line-log-1.1.2.tgz",
        "sha1": "c2f83f273a3e1a16edb0995661da0ed5ef033364",
        "dest": "yarn-mirror",
        "dest-filename": "single-line-log-1.1.2.tgz"
    },
    {
        "type": "file",
        "url": "https://registry.yarnpkg.com/sntp/-/sntp-2.1.0.tgz",
        "sha1": "2c6cec14fedc2222739caf9b5c3d85d1cc5a2cc8",
        "dest": "yarn-mirror",
        "dest-filename": "sntp-2.1.0.tgz"
    },
    {
        "type": "file",
        "url": "https://registry.yarnpkg.com/spdx-correct/-/spdx-correct-1.0.2.tgz",
        "sha1": "4b3073d933ff51f3912f03ac5519498a4150db40",
        "dest": "yarn-mirror",
        "dest-filename": "spdx-correct-1.0.2.tgz"
    },
    {
        "type": "file",
        "url": "https://registry.yarnpkg.com/spdx-expression-parse/-/spdx-expression-parse-1.0.4.tgz",
        "sha1": "9bdf2f20e1f40ed447fbe273266191fced51626c",
        "dest": "yarn-mirror",
        "dest-filename": "spdx-expression-parse-1.0.4.tgz"
    },
    {
        "type": "file",
        "url": "https://registry.yarnpkg.com/spdx-license-ids/-/spdx-license-ids-1.2.2.tgz",
        "sha1": "c9df7a3424594ade6bd11900d596696dc06bac57",
        "dest": "yarn-mirror",
        "dest-filename": "spdx-license-ids-1.2.2.tgz"
    },
    {
        "type": "file",
        "url": "https://registry.yarnpkg.com/speedometer/-/speedometer-0.1.4.tgz",
        "sha1": "9876dbd2a169d3115402d48e6ea6329c8816a50d",
        "dest": "yarn-mirror",
        "dest-filename": "speedometer-0.1.4.tgz"
    },
    {
        "type": "file",
        "url": "https://registry.yarnpkg.com/sshpk/-/sshpk-1.13.1.tgz",
        "sha1": "512df6da6287144316dc4c18fe1cf1d940739be3",
        "dest": "yarn-mirror",
        "dest-filename": "sshpk-1.13.1.tgz"
    },
    {
        "type": "file",
        "url": "https://registry.yarnpkg.com/string-width/-/string-width-1.0.2.tgz",
        "sha1": "118bdf5b8cdc51a2a7e70d211e07e2b0b9b107d3",
        "dest": "yarn-mirror",
        "dest-filename": "string-width-1.0.2.tgz"
    },
    {
        "type": "file",
        "url": "https://registry.yarnpkg.com/string_decoder/-/string_decoder-0.10.31.tgz",
        "sha1": "62e203bc41766c6c28c9fc84301dab1c5310fa94",
        "dest": "yarn-mirror",
        "dest-filename": "string_decoder-0.10.31.tgz"
    },
    {
        "type": "file",
        "url": "https://registry.yarnpkg.com/string_decoder/-/string_decoder-1.0.3.tgz",
        "sha1": "0fc67d7c141825de94282dd536bec6b9bce860ab",
        "dest": "yarn-mirror",
        "dest-filename": "string_decoder-1.0.3.tgz"
    },
    {
        "type": "file",
        "url": "https://registry.yarnpkg.com/stringstream/-/stringstream-0.0.5.tgz",
        "sha1": "4e484cd4de5a0bbbee18e46307710a8a81621878",
        "dest": "yarn-mirror",
        "dest-filename": "stringstream-0.0.5.tgz"
    },
    {
        "type": "file",
        "url": "https://registry.yarnpkg.com/strip-ansi/-/strip-ansi-3.0.1.tgz",
        "sha1": "6a385fb8853d952d5ff05d0e8aaf94278dc63dcf",
        "dest": "yarn-mirror",
        "dest-filename": "strip-ansi-3.0.1.tgz"
    },
    {
        "type": "file",
        "url": "https://registry.yarnpkg.com/strip-bom/-/strip-bom-2.0.0.tgz",
        "sha1": "6219a85616520491f35788bdbf1447a99c7e6b0e",
        "dest": "yarn-mirror",
        "dest-filename": "strip-bom-2.0.0.tgz"
    },
    {
        "type": "file",
        "url": "https://registry.yarnpkg.com/strip-indent/-/strip-indent-1.0.1.tgz",
        "sha1": "0c7962a6adefa7bbd4ac366460a638552ae1a0a2",
        "dest": "yarn-mirror",
        "dest-filename": "strip-indent-1.0.1.tgz"
    },
    {
        "type": "file",
        "url": "https://registry.yarnpkg.com/strip-json-comments/-/strip-json-comments-2.0.1.tgz",
        "sha1": "3c531942e908c2697c0ec344858c286c7ca0a60a",
        "dest": "yarn-mirror",
        "dest-filename": "strip-json-comments-2.0.1.tgz"
    },
    {
        "type": "file",
        "url": "https://registry.yarnpkg.com/sumchecker/-/sumchecker-1.3.1.tgz",
        "sha1": "79bb3b4456dd04f18ebdbc0d703a1d1daec5105d",
        "dest": "yarn-mirror",
        "dest-filename": "sumchecker-1.3.1.tgz"
    },
    {
        "type": "file",
        "url": "https://registry.yarnpkg.com/throttleit/-/throttleit-0.0.2.tgz",
        "sha1": "cfedf88e60c00dd9697b61fdd2a8343a9b680eaf",
        "dest": "yarn-mirror",
        "dest-filename": "throttleit-0.0.2.tgz"
    },
    {
        "type": "file",
        "url": "https://registry.yarnpkg.com/through2/-/through2-0.2.3.tgz",
        "sha1": "eb3284da4ea311b6cc8ace3653748a52abf25a3f",
        "dest": "yarn-mirror",
        "dest-filename": "through2-0.2.3.tgz"
    },
    {
        "type": "file",
        "url": "https://registry.yarnpkg.com/tough-cookie/-/tough-cookie-2.3.3.tgz",
        "sha1": "0b618a5565b6dea90bf3425d04d55edc475a7561",
        "dest": "yarn-mirror",
        "dest-filename": "tough-cookie-2.3.3.tgz"
    },
    {
        "type": "file",
        "url": "https://registry.yarnpkg.com/trim-newlines/-/trim-newlines-1.0.0.tgz",
        "sha1": "5887966bb582a4503a41eb524f7d35011815a613",
        "dest": "yarn-mirror",
        "dest-filename": "trim-newlines-1.0.0.tgz"
    },
    {
        "type": "file",
        "url": "https://registry.yarnpkg.com/tunnel-agent/-/tunnel-agent-0.6.0.tgz",
        "sha1": "27a5dea06b36b04a0a9966774b290868f0fc40fd",
        "dest": "yarn-mirror",
        "dest-filename": "tunnel-agent-0.6.0.tgz"
    },
    {
        "type": "file",
        "url": "https://registry.yarnpkg.com/tweetnacl/-/tweetnacl-0.14.5.tgz",
        "sha1": "5ae68177f192d4456269d108afa93ff8743f4f64",
        "dest": "yarn-mirror",
        "dest-filename": "tweetnacl-0.14.5.tgz"
    },
    {
        "type": "file",
        "url": "https://registry.yarnpkg.com/typedarray/-/typedarray-0.0.6.tgz",
        "sha1": "867ac74e3864187b1d3d47d996a78ec5c8830777",
        "dest": "yarn-mirror",
        "dest-filename": "typedarray-0.0.6.tgz"
    },
    {
        "type": "file",
        "url": "https://registry.yarnpkg.com/util-deprecate/-/util-deprecate-1.0.2.tgz",
        "sha1": "450d4dc9fa70de732762fbd2d4a28981419a0ccf",
        "dest": "yarn-mirror",
        "dest-filename": "util-deprecate-1.0.2.tgz"
    },
    {
        "type": "file",
        "url": "https://registry.yarnpkg.com/uuid/-/uuid-3.1.0.tgz",
        "sha1": "3dd3d3e790abc24d7b0d3a034ffababe28ebbc04",
        "dest": "yarn-mirror",
        "dest-filename": "uuid-3.1.0.tgz"
    },
    {
        "type": "file",
        "url": "https://registry.yarnpkg.com/validate-npm-package-license/-/validate-npm-package-license-3.0.1.tgz",
        "sha1": "2804babe712ad3379459acfbe24746ab2c303fbc",
        "dest": "yarn-mirror",
        "dest-filename": "validate-npm-package-license-3.0.1.tgz"
    },
    {
        "type": "file",
        "url": "https://registry.yarnpkg.com/verror/-/verror-1.10.0.tgz",
        "sha1": "3a105ca17053af55d6e270c1f8288682e18da400",
        "dest": "yarn-mirror",
        "dest-filename": "verror-1.10.0.tgz"
    },
    {
        "type": "file",
        "url": "https://registry.yarnpkg.com/wrappy/-/wrappy-1.0.2.tgz",
        "sha1": "b5243d8f3ec1aa35f1364605bc0d1036e30ab69f",
        "dest": "yarn-mirror",
        "dest-filename": "wrappy-1.0.2.tgz"
    },
    {
        "type": "file",
        "url": "https://registry.yarnpkg.com/xtend/-/xtend-2.1.2.tgz",
        "sha1": "6efecc2a4dad8e6962c4901b337ce7ba87b5d28b",
        "dest": "yarn-mirror",
        "dest-filename": "xtend-2.1.2.tgz"
    },
    {
        "type": "file",
        "url": "https://registry.yarnpkg.com/yauzl/-/yauzl-2.4.1.tgz",
        "sha1": "9528f442dab1b2284e58b4379bb194e22e0c4005",
        "dest": "yarn-mirror",
        "dest-filename": "yauzl-2.4.1.tgz"
    }
]