{
    "name": "SDL_pango",
    "config-opts": ["--disable-static"],
    "rm-configure": true,
    "sources": [
        {
            "type": "archive",
            "url": "https://downloads.sourceforge.net/project/sdlpango/SDL_Pango/0.1.2/SDL_Pango-0.1.2.tar.gz",
            "sha256": "7f75d3b97acf707c696ea126424906204ebfa07660162de925173cdd0257eba4"
        },
        {
            "type": "patch",
            "path": "SDL_Pango-0.1.2-API-adds.patch"
        },
        {
            "type": "script",
            "dest-filename": "autogen.sh",
            "commands": [
                "autoreconf -vfi"
            ]
        }
    ]
}
