{
    "name": "libcanberra",
    "cleanup": [
        "*.la",
        "/etc",
        "/include",
        "/lib/gnome-settings-daemon-3.0",
        "/lib/gtk-3.0",
        "/lib/pkgconfig",
        "/libexec",
        "/share/doc",
        "/share/gdm",
        "/share/gnome",
        "/share/gtk-doc",
        "/share/man",
        "/share/vala"
    ],
    "config-opts": [
        "--disable-static",
        "--disable-gtk-doc",
        "--disable-oss",
        "--enable-pulse",
        "--disable-udev",
        "--disable-gtk",
        "--enable-gtk3",
        "--disable-lynx"
    ],
    "sources": [
        {
            "type": "archive",
            "url": "http://0pointer.de/lennart/projects/libcanberra/libcanberra-0.30.tar.xz",
            "sha256": "c2b671e67e0c288a69fc33dc1b6f1b534d07882c2aceed37004bf48c601afa72"
        },
        {
            "type": "patch",
            "path": "0001-gtk-Don-t-assume-all-GdkDisplays-are-GdkX11Displays-.patch"
        }
    ]
}
