{
  "name": "fluidsynth",
  "buildsystem": "cmake-ninja",
  "build-options": {
    "cflags": "-fPIC",
    "cxxflags": "-fPIC"
  },
  "config-opts": [
    "-DBUILD_SHARED_LIBS=OFF",
    "-Denable-jack=OFF",
    "-Denable-pipewire=OFF",
    "-Denable-sdl3=OFF"
  ],
  "cleanup": [
    "/bin",
    "/include",
    "/lib/cmake",
    "/lib/pkgconfig",
    "/share/man",
    "*.so",
    "*.a"
  ],
  "sources": [
    {
      "type": "archive",
      "url": "https://github.com/FluidSynth/fluidsynth/archive/refs/tags/v2.4.6.tar.gz",
      "sha256": "a6be90fd4842b9e7246500597180af5cf213c11bfa3998a3236dd8ff47961ea8"
    }
  ]
}
