{
    "name": "ladspa",
    "no-autogen": true,
    "subdir": "src",
    "make-install-args": [
        "INSTALL_PLUGINS_DIR=/app/lib/ladspa",
        "INSTALL_INCLUDE_DIR=/app/include",
        "INSTALL_BINARY_DIR=/app/bin"
    ],
    "cleanup": [
        "/include"
    ],
    "sources": [
        {
            "type": "git",
            "url": "https://salsa.debian.org/multimedia-team/ladspa-sdk.git",
            "commit": "19daa4a64ee2c45042fc737df8d5dff654b976b4"
        },
        {
            "type": "shell",
            "commands": [
                "mkdir plugins bin"
            ]
        }
    ]
}
