{
    "name": "squashfs-tools",
    "buildsystem": "simple",
    "build-commands": [
        "XZ_SUPPORT=1 LZO_SUPPORT=1 ZSTD_SUPPORT=1 GZIP_SUPPORT=1 make -C squashfs-tools -j ${FLATPAK_BUILDER_N_JOBS} install INSTALL_DIR=${FLATPAK_DEST}/bin INSTALL_MANPAGES_DIR=${FLATPAK_DEST}/man/man1"
    ],
    "cleanup": [
        "/man"
    ],
    "sources": [
        {
            "type": "git",
            "url": "https://github.com/plougher/squashfs-tools.git",
            "tag": "4.7.2",
            "commit": "99d23a31b471433c51e9c145aeba2ab1536e34df",
            "x-checker-data": {
                "type": "git",
                "tag-pattern": "^([\\d.]+)$"
            }
        }
    ],
    "modules": [
        "../lzo/lzo.json"
    ]
}
