{
  "name": "gudev",
  "buildsystem": "meson",
  "config-opts": [
    "-Dtests=disabled",
    "-Dvapi=disabled",
    "-Dintrospection=disabled",
    "-Dgtk_doc=false"
  ],
  "cleanup": [
    "/include",
    "/etc",
    "/libexec",
    "/sbin",
    "/lib/pkgconfig",
    "/lib/systemd",
    "/man",
    "/share/aclocal",
    "/share/doc",
    "/share/gtk-doc",
    "/share/man",
    "/share/pkgconfig",
    "*.la",
    "*.a"
  ],
  "sources": [
    {
      "type": "archive",
      "url": "https://download.gnome.org/sources/libgudev/238/libgudev-238.tar.xz",
      "sha256": "61266ab1afc9d73dbc60a8b2af73e99d2fdff47d99544d085760e4fa667b5dd1"
    }
  ]
}
