{
    "name": "lzo",
    "cleanup": [
        "/include",
        "/lib/pkgconfig",
        "/share/doc",
        "*.la"
    ],
    "config-opts": [
        "--disable-dependency-tracking",
        "--disable-static",
        "--enable-shared"
    ],
    "sources": [
        {
            "type": "archive",
            "url": "https://www.oberhumer.com/opensource/lzo/download/lzo-2.10.tar.gz",
            "sha256": "c0f892943208266f9b6543b3ae308fab6284c5c90e627931446fb49b4221a072",
            "x-checker-data": {
                "type": "anitya",
                "project-id": 1868,
                "stable-only": false,
                "url-template": "https://www.oberhumer.com/opensource/lzo/download/lzo-$version.tar.gz"
            }
        }
    ]
}
