{
    "name": "luajit",
    "no-autogen": true,
    "make-args": [
        "BUILDMODE=dynamic",
        "PREFIX=${FLATPAK_DEST}"
    ],
    "make-install-args": [
        "PREFIX=${FLATPAK_DEST}"
    ],
    "sources": [
        {
            "type": "git",
            "url": "https://github.com/openresty/luajit2.git",
            "tag": "v2.1-20250529",
            "commit": "afc74313c6f919f713e2a25003cf0066852bb24a",
            "x-checker-data": {
                "type": "git",
                "tag-pattern": "^v([\\d.-]+)$",
                "stable-only": false
            }
        }
    ],
    "cleanup": [
        "/bin",
        "/include",
        "/lib/pkgconfig",
        "/share/man"
    ]
}
